Date,KRBN,ICLN,XLE
2020-07-31,14.057075500488281,13.415345191955566,14.384004592895508
2020-08-03,14.116425514221191,13.741413116455078,14.435904502868652
2020-08-04,14.281364440917969,14.160640716552734,14.787222862243652
2020-08-05,14.37522029876709,14.523974418640137,14.942916870117188
2020-08-06,14.18681812286377,14.57987117767334,14.823148727416992
2020-08-07,14.078469276428223,14.79414176940918,14.843111991882324
2020-08-10,14.144031524658203,14.850041389465332,15.302218437194824
2020-08-11,14.009456634521484,14.607821464538574,15.25031852722168
2020-08-12,13.905938148498535,14.859357833862305,15.402027130126953
2020-08-13,13.88868522644043,15.110897064208984,15.102604866027832
2020-08-14,13.885234832763672,14.999100685119629,15.24632453918457
2020-08-17,14.085371017456055,15.176108360290527,15.15849781036377
2020-08-18,14.212352752685547,15.232006072998047,14.96686840057373
2020-08-19,14.11297607421875,15.28790283203125,14.795206069946289
2020-08-20,13.926641464233398,15.185425758361816,14.475822448730469
2020-08-21,13.850728988647461,15.176108360290527,14.384004592895508
2020-08-24,14.482189178466797,15.362432479858398,14.7792329788208
2020-08-25,14.96389389038086,15.716451644897461,14.571639060974121
2020-08-26,14.879007339477539,15.716451644897461,14.264241218566895
2020-08-27,14.785841941833496,15.669866561889648,14.292181015014648
2020-08-28,15.208198547363281,16.02388572692871,14.547684669494629
2020-08-31,15.09018611907959,15.967986106872559,14.232300758361816
2020-09-01,14.665071487426758,16.22884178161621,14.136487007141113
2020-09-02,14.823800086975098,16.163631439208984,14.068621635437012
2020-09-03,14.96872615814209,15.157476425170898,13.964818954467773
2020-09-04,14.569146156311035,14.999100685119629,13.920904159545898
2020-09-08,14.268251419067383,14.915254592895508,13.413888931274414
2020-09-09,14.301377296447754,15.43696117401123,13.505715370178223
2020-09-10,14.689226150512695,15.092263221740723,13.010677337646484
2020-09-11,14.799644470214844,15.082948684692383,13.022653579711914
2020-09-14,15.700252532958984,15.502177238464355,13.122461318969727
2020-09-15,15.299982070922852,15.800296783447266,13.026646614074707
2020-09-16,15.525650978088379,15.89345645904541,13.549626350402832
2020-09-17,14.954922676086426,15.5953369140625,13.569589614868164
2020-09-18,14.906614303588867,15.576703071594238,13.41788387298584
2020-09-21,14.205451965332031,15.446276664733887,12.973134994506836
2020-09-22,14.716832160949707,15.530125617980957,12.839225769042969
2020-09-23,14.24064826965332,15.390381813049316,12.258946418762207
2020-09-24,14.216493606567383,15.315850257873535,12.254886627197266
2020-09-25,14.078469276428223,15.651235580444336,12.246769905090332
2020-09-28,14.597439765930176,16.359270095825195,12.534881591796875
2020-09-29,14.354517936706543,16.750547409057617,12.189958572387695
2020-09-30,14.347617149353027,17.22567367553711,12.153438568115234
2020-10-01,14.271014213562012,17.784648895263672,11.780111312866211
2020-10-02,14.337264060974121,17.775333404541016,11.893733978271484
2020-10-05,14.413177490234375,18.585844039916992,12.250828742980957
2020-10-06,14.320012092590332,18.716272354125977,12.068222045898438
2020-10-07,14.302067756652832,19.64789581298828,12.23865795135498
2020-10-08,14.205451965332031,19.62925910949707,12.697200775146484
2020-10-09,14.11297607421875,19.93669319152832,12.494303703308105
2020-10-12,14.085371017456055,19.526779174804688,12.526766777038574
2020-10-13,13.850728988647461,19.461566925048828,12.331985473632812
2020-10-14,13.985302925109863,19.694473266601562,12.384739875793457
2020-10-15,13.740309715270996,19.54541015625,12.534881591796875
2020-10-16,13.69890308380127,19.461566925048828,12.250828742980957
2020-10-19,13.81622314453125,19.31250762939453,11.991121292114258
2020-10-20,13.512569427490234,19.70378875732422,12.133151054382324
2020-10-21,13.381447792053223,18.846698760986328,11.901848793029785
2020-10-22,13.395249366760254,18.781482696533203,12.39285659790039
2020-10-23,13.985302925109863,18.837379455566406,12.331985473632812
2020-10-26,13.412501335144043,18.44609832763672,11.88967514038086
2020-10-27,13.490485191345215,18.306358337402344,11.735477447509766
2020-10-28,13.084693908691406,18.026870727539062,11.24446964263916
2020-10-29,13.202013969421387,18.399518966674805,11.589390754699707
2020-10-30,13.340039253234863,18.222511291503906,11.654316902160645
2020-11-02,13.20822525024414,18.548582077026367,12.051993370056152
2020-11-03,13.664395332336426,18.772167205810547,11.983007431030273
2020-11-04,13.905938148498535,18.529943466186523,11.999238014221191
2020-11-05,14.09227180480957,19.834217071533203,11.999238014221191
2020-11-06,14.085371017456055,19.983274459838867,11.739531517028809
2020-11-09,14.373150825500488,20.020536422729492,13.415449142456055
2020-11-10,14.389713287353516,19.72241973876953,13.849644660949707
2020-11-11,14.27929401397705,20.35592269897461,13.70761775970459
2020-11-12,14.23029613494873,20.123016357421875,13.265308380126953
2020-11-13,14.285505294799805,20.2161808013916,13.748198509216309
2020-11-16,14.492541313171387,20.31865692138672,14.65311050415039
2020-11-17,14.532569885253906,20.35592269897461,14.803256034851074
2020-11-18,14.63056468963623,20.05780601501465,14.373113632202148
2020-11-19,14.29240608215332,20.346607208251953,14.608475685119629
2020-11-20,14.392474174499512,20.579509735107422,14.531376838684082
2020-11-23,14.740986824035645,20.970796585083008,15.558023452758789
2020-11-24,14.962514877319336,21.259593963623047,16.35743522644043
2020-11-25,14.94802188873291,21.6229248046875,15.975991249084473
2020-11-27,15.239253044128418,21.976945877075195,15.789327621459961
2020-11-30,15.46561336517334,21.921043395996094,14.916875839233398
2020-12-01,15.565680503845215,21.716089248657227,14.985860824584961
2020-12-02,15.772024154663086,21.52045249938965,15.472813606262207
2020-12-03,15.693351745605469,21.37139320373535,15.635125160217285
2020-12-04,16.07982063293457,21.436607360839844,16.487289428710938
2020-12-07,15.776166915893555,21.529767990112305,16.101783752441406
2020-12-08,15.886588096618652,22.107370376586914,16.341203689575195
2020-12-09,15.769266128540039,21.56702995300293,16.37772560119629
2020-12-10,16.393823623657227,21.89310073852539,16.880903244018555
2020-12-11,16.25373077392578,22.01420783996582,16.686120986938477
2020-12-14,16.424880981445312,22.331363677978516,16.101783752441406
2020-12-15,16.90382194519043,23.376102447509766,16.418304443359375
2020-12-16,16.792715072631836,23.376102447509766,16.337146759033203
2020-12-17,16.86448860168457,23.84250831604004,16.26004409790039
2020-12-18,16.593961715698242,24.16899299621582,15.988163948059082
2020-12-21,16.46283721923828,24.58875274658203,15.679754257202148
2020-12-22,16.35586929321289,25.484243392944336,15.416574478149414
2020-12-23,16.79754638671875,25.89468002319336,15.75788402557373
2020-12-24,16.96800422668457,25.848037719726562,15.675640106201172
2020-12-28,17.460060119628906,26.05325698852539,15.576942443847656
2020-12-29,17.25302505493164,25.80139923095703,15.474142074584961
2020-12-30,17.066694259643555,26.402429580688477,15.716760635375977
2020-12-31,16.997678756713867,26.35576629638672,15.585165977478027
2021-01-04,17.529071807861328,26.76641082763672,15.609847068786621
2021-01-05,17.372417449951172,27.335708618164062,16.308916091918945
2021-01-06,17.62569236755371,29.30492401123047,16.806488037109375
2021-01-07,18.079099655151367,31.180810928344727,17.05322265625
2021-01-08,18.053565979003906,30.94748878479004,17.032657623291016
2021-01-11,17.90380859375,29.902219772338867,17.29995346069336
2021-01-12,18.046663284301758,30.26620101928711,17.90443992614746
2021-01-13,17.460060119628906,30.415529251098633,17.76462745666504
2021-01-14,17.60153579711914,30.144872665405273,18.290983200073242
2021-01-15,16.56290626525879,28.520973205566406,17.57957649230957
2021-01-19,17.356542587280273,29.30492401123047,17.9332275390625
2021-01-20,17.18056297302246,29.19293212890625,17.999025344848633
2021-01-21,17.54632568359375,30.480857849121094,17.39042091369629
2021-01-22,17.79545783996582,30.7048397064209,17.29995346069336
2021-01-25,17.34343147277832,30.312868118286133,17.123126983642578
2021-01-26,17.28063201904297,30.014217376708984,16.757139205932617
2021-01-27,17.166759490966797,28.128992080688477,16.530973434448242
2021-01-28,17.598085403442383,28.763620376586914,16.724246978759766
2021-01-29,17.25302505493164,27.81167984008789,16.169099807739258
2021-02-01,16.970077514648438,28.436975479125977,16.284236907958984
2021-02-02,17.943143844604492,28.744956970214844,16.461063385009766
2021-02-03,18.778194427490234,29.25826072692871,17.16425132751465
2021-02-04,18.80579948425293,28.88494873046875,17.353412628173828
2021-02-05,19.06183433532715,29.0996036529541,17.501449584960938
2021-02-08,19.15085792541504,29.3889217376709,18.233421325683594
2021-02-09,19.092199325561523,29.127601623535156,18.040142059326172
2021-02-10,19.56838035583496,28.73562240600586,18.385562896728516
2021-02-11,19.11635398864746,28.88494873046875,18.101825714111328
2021-02-12,19.77541732788086,28.29698371887207,18.369115829467773
2021-02-16,19.371694564819336,27.97966766357422,18.829683303833008
2021-02-17,18.888612747192383,27.513032913208008,19.109310150146484
2021-02-18,19.123254776000977,26.085119247436523,18.67753028869629
2021-02-19,18.76439094543457,26.589086532592773,18.99005699157715
2021-02-22,18.9652156829834,24.8251895904541,19.64800453186035
2021-02-23,19.286123275756836,24.47987937927246,19.97286605834961
2021-02-24,19.544227600097656,25.002511978149414,20.680166244506836
2021-02-25,19.137054443359375,23.798583984375,20.281282424926758
2021-02-26,18.771291732788086,24.125232696533203,19.800153732299805
2021-03-01,18.7264347076416,25.039844512939453,20.31418228149414
2021-03-02,18.985227584838867,24.237224578857422,20.203147888183594
2021-03-03,18.791994094848633,22.65065574645996,20.499223709106445
2021-03-04,19.005931854248047,21.745372772216797,20.988576889038086
2021-03-05,19.18536376953125,21.43739128112793,21.774003982543945
2021-03-08,19.081844329833984,20.78409767150879,21.815126419067383
2021-03-09,19.633943557739258,22.519994735717773,21.432695388793945
2021-03-10,19.998329162597656,22.510662078857422,21.975500106811523
2021-03-11,20.227447509765625,23.93857765197754,21.983720779418945
2021-03-12,20.406877517700195,23.75191879272461,22.028961181640625
2021-03-15,20.24125099182129,23.621259689331055,21.778114318847656
2021-03-16,19.882387161254883,23.0799617767334,21.15717887878418
2021-03-17,20.53110122680664,22.44533348083496,21.32166290283203
2021-03-18,20.12392807006836,21.222740173339844,20.363527297973633
2021-03-19,19.979005813598633,21.782703399658203,20.367637634277344
2021-03-22,20.524198532104492,22.30533790588379,20.17231559753418
2021-03-23,19.786462783813477,21.885366439819336,19.87725257873535
2021-03-24,19.854780197143555,20.905424118041992,20.375951766967773
2021-03-25,19.27507972717285,21.008087158203125,20.450756072998047
2021-03-26,19.620140075683594,21.42806053161621,20.957765579223633
2021-03-29,19.709856033325195,20.91475486755371,20.708415985107422
2021-03-30,19.68915367126465,21.92269515991211,20.529720306396484
2021-03-31,19.79957389831543,22.678651809692383,20.38842010498047
2021-04-01,19.806474685668945,22.56665802001953,20.907894134521484
2021-04-05,19.79267120361328,22.221345901489258,20.409198760986328
2021-04-06,20.406877517700195,22.221345901489258,20.35516929626465
2021-04-07,20.255054473876953,21.596046447753906,20.42582130432129
2021-04-08,20.192941665649414,21.87602996826172,20.159847259521484
2021-04-09,20.220542907714844,21.90403175354004,20.026859283447266
2021-04-12,20.544902801513672,21.465394973754883,19.868940353393555
2021-04-13,20.372371673583984,21.90403175354004,19.889724731445312
2021-04-14,20.412397384643555,21.829364776611328,20.44244384765625
2021-04-15,20.607013702392578,21.512054443359375,20.276208877563477
2021-04-16,20.627716064453125,22.230676651000977,20.114133834838867
2021-04-19,20.517297744750977,21.689374923706055,20.093353271484375
2021-04-20,20.95207405090332,21.493389129638672,19.56140899658203
2021-04-21,21.393753051757812,21.913360595703125,19.810762405395508
2021-04-22,21.50417137145996,22.44533348083496,19.578035354614258
2021-04-23,21.787120819091797,22.865306854248047,19.756736755371094
2021-04-26,21.994155883789062,22.977306365966797,19.889724731445312
2021-04-27,21.93204689025879,22.90264129638672,20.130752563476562
2021-04-28,22.1735897064209,22.435998916625977,20.82478141784668
2021-04-29,22.139083862304688,22.090688705444336,21.057504653930664
2021-04-30,22.3530216217041,21.689374923706055,20.525558471679688
2021-05-03,22.642873764038086,21.381397247314453,21.090749740600586
2021-05-04,22.359920501708984,20.50411605834961,21.10321807861328
2021-05-05,22.518651962280273,20.47611427307129,21.78476905822754
2021-05-06,22.704980850219727,20.20546531677246,21.896974563598633
2021-05-07,23.41580581665039,20.56944465637207,22.28762435913086
2021-05-10,23.719459533691406,19.953479766845703,22.295936584472656
2021-05-11,24.078323364257812,20.000139236450195,21.72243309020996
2021-05-12,24.595911026000977,19.328182220458984,21.82632827758789
2021-05-13,24.430288314819336,19.402847290039062,21.56035804748535
2021-05-14,25.49306869506836,20.15880012512207,22.229442596435547
2021-05-17,25.120407104492188,19.97214698791504,22.744762420654297
2021-05-18,24.181842803955078,20.345457077026367,22.216976165771484
2021-05-19,22.77399444580078,20.50411605834961,21.66425323486328
2021-05-20,24.036916732788086,21.026752471923828,21.63100814819336
2021-05-21,23.567636489868164,21.073415756225586,21.676719665527344
2021-05-24,23.947200775146484,21.110748291015625,21.892822265625
2021-05-25,24.285356521606445,21.05474853515625,21.448152542114258
2021-05-26,24.119731903076172,21.306734085083008,21.639320373535156
2021-05-27,23.59523582458496,21.288068771362305,21.655941009521484
2021-05-28,23.740161895751953,21.390727996826172,21.69750213623047
2021-06-01,23.753965377807617,21.344064712524414,22.53281593322754
2021-06-02,23.664249420166016,20.99875259399414,22.952550888061523
2021-06-03,23.188064575195312,20.616107940673828,23.014890670776367
2021-06-04,23.222572326660156,20.812095642089844,23.168655395507812
2021-06-07,23.98860740661621,20.924089431762695,23.068918228149414
2021-06-08,24.071422576904297,21.008087158203125,23.26839256286621
2021-06-09,24.471691131591797,20.877426147460938,23.122941970825195
2021-06-10,24.306062698364258,20.96564292907715,23.09385108947754
2021-06-11,24.085224151611328,21.143953323364258,23.014890670776367
2021-06-14,24.202545166015625,21.397340774536133,22.915157318115234
2021-06-15,23.912694931030273,21.153339385986328,23.35150909423828
2021-06-16,23.5538330078125,21.26595687866211,23.226835250854492
2021-06-17,23.188064575195312,21.387958526611328,22.437232971191406
2021-06-18,23.684951782226562,21.03133773803711,21.77230453491211
2021-06-21,23.954099655151367,21.2471866607666,22.700124740600586
2021-06-22,24.46479034423828,21.46303367614746,22.851259231567383
2021-06-23,24.871963500976562,21.425495147705078,22.914241790771484
2021-06-24,24.996185302734375,21.566267013549805,23.111555099487305
2021-06-25,24.996185302734375,21.631961822509766,23.233308792114258
2021-06-28,25.099702835083008,22.204437255859375,22.448225021362305
2021-06-29,25.113506317138672,22.3452091217041,22.339073181152344
2021-06-30,25.52758026123047,22.01673698425293,22.616159439086914
2021-07-01,25.989957809448242,22.09181785583496,23.01080322265625
2021-07-02,25.976154327392578,22.04489517211914,22.960416793823242
2021-07-06,24.237049102783203,22.195051193237305,22.213123321533203
2021-07-07,24.60281753540039,22.11997413635254,21.852073669433594
2021-07-08,24.492399215698242,21.735197067260742,21.726123809814453
2021-07-09,24.934072494506836,21.79150390625,22.18793487548828
2021-07-12,24.06452178955078,22.04489517211914,22.154348373413086
2021-07-13,24.423383712768555,21.78211784362793,21.986417770385742
2021-07-14,24.430288314819336,21.2471866607666,21.33148193359375
2021-07-15,24.51309585571289,20.824872970581055,21.033409118652344
2021-07-16,24.582111358642578,20.74041175842285,20.43724822998047
2021-07-19,24.105928421020508,20.590251922607422,19.71514129638672
2021-07-20,23.809175491333008,20.796714782714844,19.979639053344727
2021-07-21,24.023115158081055,21.453651428222656,20.676549911499023
2021-07-22,23.36750030517578,21.46303367614746,20.445650100708008
2021-07-23,23.684951782226562,21.17210578918457,20.370075225830078
2021-07-26,24.46479034423828,21.0031795501709,20.873872756958008
2021-07-27,24.347469329833984,20.85301971435547,20.680747985839844
2021-07-28,24.671825408935547,21.425495147705078,20.869670867919922
2021-07-29,24.83055305480957,21.369186401367188,21.071189880371094
2021-07-30,24.48549461364746,21.31287956237793,20.735326766967773
2021-08-02,24.94097137451172,21.331649780273438,20.579992294311523
2021-08-03,25.023786544799805,21.744583129882812,20.932645797729492
2021-08-04,25.35504722595215,21.697654724121094,20.36587905883789
2021-08-05,25.63109588623047,21.538116455078125,20.596786499023438
2021-08-06,25.707006454467773,21.509960174560547,20.785709381103516
2021-08-09,25.68630599975586,21.847814559936523,20.4918270111084
2021-08-10,25.79672622680664,21.819660186767578,20.852880477905273
2021-08-11,26.190093994140625,21.688270568847656,21.016611099243164
2021-08-12,25.52758026123047,21.41611099243164,20.995616912841797
2021-08-13,25.299837112426758,21.20964813232422,20.747920989990234
2021-08-16,26.383325576782227,21.040719985961914,20.36587905883789
2021-08-17,25.8519344329834,20.81548309326172,20.155963897705078
2021-08-18,25.727712631225586,20.94687271118164,19.73613166809082
2021-08-19,24.623517990112305,20.94687271118164,19.223947525024414
2021-08-20,24.685630798339844,21.284725189208984,19.265926361083984
2021-08-23,25.05829620361328,21.556882858276367,19.988035202026367
2021-08-24,25.568984985351562,21.688270568847656,20.319698333740234
2021-08-25,25.603487014770508,21.76335334777832,20.475034713745117
2021-08-26,25.955453872680664,21.509960174560547,20.16436004638672
2021-08-27,27.17006492614746,21.697654724121094,20.70174217224121
2021-08-30,27.54962921142578,21.913509368896484,20.458240509033203
2021-08-31,27.494422912597656,21.894739151000977,20.319698333740234
2021-09-01,27.28738784790039,22.06366539001465,20.021617889404297
2021-09-02,27.715261459350586,22.32644271850586,20.529613494873047
2021-09-03,27.956804275512695,22.148128509521484,20.41205406188965
2021-09-07,28.087926864624023,21.96981430053711,20.29030990600586
2021-09-08,28.17074203491211,21.547496795654297,20.03001594543457
2021-09-09,28.01891326904297,21.519344329833984,20.071998596191406
2021-09-10,27.556529998779297,21.181493759155273,20.063602447509766
2021-09-13,27.570335388183594,21.603809356689453,20.638769149780273
2021-09-14,27.12175750732422,21.47241973876953,20.34069061279297
2021-09-15,27.37019920349121,21.17210578918457,21.1005802154541
2021-09-16,27.232175827026367,21.03133773803711,20.86127471923828
2021-09-17,27.32189178466797,21.13456916809082,20.70594024658203
2021-09-20,27.52202606201172,20.57147979736328,20.073644638061523
2021-09-21,27.418508529663086,20.81548309326172,20.120386123657227
2021-09-22,27.556529998779297,21.106414794921875,20.74078369140625
2021-09-23,27.563432693481445,21.294111251831055,21.46741485595703
2021-09-24,28.833253860473633,20.881179809570312,21.628883361816406
2021-09-27,29.274932861328125,21.05010414123535,22.398006439208984
2021-09-28,28.384679794311523,20.590251922607422,22.4744930267334
2021-09-29,28.43988800048828,20.374399185180664,22.4744930267334
2021-09-30,28.357072830200195,20.318090438842773,22.134552001953125
2021-10-01,29.06789779663086,20.430709838867188,22.8781795501709
2021-10-04,29.3232421875,19.895776748657227,23.252113342285156
2021-10-05,29.654504776000977,19.933313369750977,23.388090133666992
2021-10-06,27.970605850219727,19.98023796081543,23.14163589477539
2021-10-07,28.032716751098633,20.18670654296875,23.320104598999023
2021-10-08,26.98373031616211,20.027164459228516,24.038230895996094
2021-10-11,27.494422912597656,20.10224151611328,23.948997497558594
2021-10-12,27.66695213317871,20.862403869628906,23.970243453979492
2021-10-13,27.694557189941406,21.538116455078125,23.948997497558594
2021-10-14,28.63312339782715,21.453651428222656,24.242198944091797
2021-10-15,27.646249771118164,21.519344329833984,24.361177444458008
2021-10-18,27.266681671142578,21.603809356689453,24.378175735473633
2021-10-19,26.67317771911621,22.129356384277344,24.65437889099121
2021-10-20,27.604841232299805,22.260740280151367,24.854101181030273
2021-10-21,27.998210906982422,22.288898468017578,24.395174026489258
2021-10-22,28.58481216430664,22.110586166381836,24.624637603759766
2021-10-25,28.612417221069336,22.439056396484375,24.985824584960938
2021-10-26,28.702133178710938,22.288898468017578,25.13029670715332
2021-10-27,28.56410789489746,22.955219268798828,24.40791893005371
2021-10-28,28.3294677734375,23.752927780151367,24.582141876220703
2021-10-29,28.191442489624023,23.715389251708984,24.420669555664062
2021-11-01,27.901594161987305,24.203399658203125,24.841346740722656
2021-11-02,28.88846778869629,23.74354362487793,24.60763931274414
2021-11-03,28.93677520751953,23.199222564697266,24.40367317199707
2021-11-04,28.81255531311035,23.07722282409668,24.437667846679688
2021-11-05,28.757339477539062,22.786293029785156,24.756364822387695
2021-11-08,29.295637130737305,23.199222564697266,24.981571197509766
2021-11-09,29.337045669555664,23.07722282409668,25.083559036254883
2021-11-10,30.2134952545166,22.748756408691406,24.420669555664062
2021-11-11,30.565462112426758,23.349382400512695,24.514150619506836
2021-11-12,30.530956268310547,23.537078857421875,24.454666137695312
2021-11-15,31.61444854736328,23.255535125732422,24.658628463745117
2021-11-16,31.773176193237305,23.199222564697266,24.696870803833008
2021-11-17,31.46952247619629,23.058452606201172,24.318687438964844
2021-11-18,32.2907600402832,22.739368438720703,24.17420768737793
2021-11-19,32.49089813232422,23.171070098876953,23.230863571166992
2021-11-22,32.31147003173828,22.636137008666992,23.643049240112305
2021-11-23,32.06302261352539,22.373363494873047,24.369678497314453
2021-11-24,31.952598571777344,22.439056396484375,24.60763931274414
2021-11-26,32.345970153808594,22.148128509521484,23.617555618286133
2021-11-29,32.88426971435547,22.39212989807129,23.753530502319336
2021-11-30,33.00849151611328,22.04489517211914,23.19687271118164
2021-12-01,33.443267822265625,21.35980224609375,22.950414657592773
2021-12-02,33.38115310668945,21.26595687866211,23.617555618286133
2021-12-03,33.06370162963867,20.59963607788086,23.430585861206055
2021-12-06,34.52675247192383,20.843637466430664,23.779020309448242
2021-12-07,35.78277587890625,21.519344329833984,24.335681915283203
2021-12-08,37.777225494384766,21.585041046142578,24.33143424987793
2021-12-09,34.73379135131836,20.96564292907715,24.14446449279785
2021-12-10,35.5964469909668,20.824872970581055,24.322933197021484
2021-12-13,34.581966400146484,20.715442657470703,23.647300720214844
2021-12-14,34.01606750488281,20.092851638793945,23.549562454223633
2021-12-15,34.595767974853516,20.43244743347168,23.434833526611328
2021-12-16,35.837982177734375,19.97964859008789,23.583560943603516
2021-12-17,32.414981842041016,20.017383575439453,23.1033878326416
2021-12-20,34.243804931640625,19.281587600708008,22.81715202331543
2021-12-21,33.91944885253906,19.923051834106445,23.46710205078125
2021-12-22,33.8159294128418,20.0362491607666,23.617753982543945
2021-12-23,32.994686126708984,20.0362491607666,23.63067054748535
2021-12-27,33.629600524902344,20.00794792175293,24.147184371948242
2021-12-28,34.299015045166016,19.80984878540039,24.129966735839844
2021-12-29,34.94266128540039,19.743820190429688,23.975013732910156
2021-12-30,34.81087875366211,20.019426345825195,23.828664779663086
2021-12-31,35.30332565307617,19.981670379638672,23.888925552368164
2022-01-03,36.39224624633789,20.142127990722656,24.629268646240234
2022-01-04,36.829200744628906,19.830656051635742,25.481523513793945
2022-01-05,37.37019729614258,18.90566062927246,25.477214813232422
2022-01-06,36.7112922668457,18.641380310058594,26.045385360717773
2022-01-07,36.34369659423828,18.556434631347656,26.402639389038086
2022-01-10,34.901039123535156,18.471481323242188,26.320863723754883
2022-01-11,34.970401763916016,18.631938934326172,27.216157913208008
2022-01-12,34.713775634765625,18.67913818359375,27.267812728881836
2022-01-13,35.15766525268555,18.471481323242188,27.13007164001465
2022-01-14,35.4836540222168,18.35822105407715,27.767112731933594
2022-01-18,35.240901947021484,17.848529815673828,27.8790225982666
2022-01-19,34.56813049316406,17.801340103149414,27.67671775817871
2022-01-20,35.65705108642578,17.91460418701172,27.42276382446289
2022-01-21,35.19928741455078,17.27277374267578,26.880420684814453
2022-01-24,34.373924255371094,17.338842391967773,27.06120491027832
2022-01-25,35.504459381103516,16.819717407226562,28.1114559173584
2022-01-26,35.58768844604492,16.8763484954834,28.064105987548828
2022-01-27,35.698665618896484,16.612064361572266,28.369712829589844
2022-01-28,35.858184814453125,16.763084411621094,28.249191284179688
2022-01-31,36.14949035644531,17.697511672973633,28.374021530151367
2022-02-01,36.19804000854492,17.669198989868164,29.385530471801758
2022-02-02,38.0013542175293,17.593690872192383,29.480224609375
2022-02-03,38.112327575683594,17.15007209777832,29.2004451751709
2022-02-04,38.83365249633789,17.31052589416504,29.656702041625977
2022-02-07,38.4244384765625,17.206701278686523,30.035480499267578
2022-02-08,38.38975524902344,17.24445915222168,29.389829635620117
2022-02-09,36.967918395996094,17.86741065979004,29.635181427001953
2022-02-10,36.69048309326172,17.414352416992188,29.45009422302246
2022-02-11,36.99565887451172,16.96129608154297,30.306657791137695
2022-02-14,36.37143325805664,16.82915687561035,29.592138290405273
2022-02-15,36.0246467590332,17.678634643554688,29.282224655151367
2022-02-16,35.927547454833984,17.688072204589844,29.518966674804688
2022-02-17,35.018951416015625,17.442670822143555,29.47162437438965
2022-02-18,35.89286422729492,17.121753692626953,29.29084014892578
2022-02-22,35.927547454833984,16.697017669677734,28.817359924316406
2022-02-23,37.24535369873047,16.583751678466797,29.11435890197754
2022-02-24,35.476715087890625,17.848529815673828,28.886228561401367
2022-02-25,35.906734466552734,18.348785400390625,29.648088455200195
2022-02-28,33.98551559448242,19.54749298095703,30.379825592041016
2022-03-01,29.539655685424805,19.358720779418945,30.685436248779297
2022-03-02,29.185930252075195,19.047245025634766,31.387035369873047
2022-03-03,28.090068817138672,18.471481323242188,31.473115921020508
2022-03-04,27.680856704711914,18.329904556274414,32.38133239746094
2022-03-07,24.691516876220703,18.782958984375,32.85911560058594
2022-03-08,27.701662063598633,20.076061248779297,33.37562942504883
2022-03-09,29.900320053100586,20.132692337036133,32.355506896972656
2022-03-10,30.559219360351562,19.849533081054688,33.34550094604492
2022-03-11,31.093276977539062,19.54749298095703,33.07863235473633
2022-03-14,31.30135154724121,18.83959197998047,32.08864212036133
2022-03-15,31.627338409423828,19.141630172729492,30.91356086730957
2022-03-16,32.098968505859375,19.651317596435547,30.771512985229492
2022-03-17,32.528995513916016,19.896724700927734,31.83038330078125
2022-03-18,32.14752197265625,19.962797164916992,31.80024528503418
2022-03-21,31.800729751586914,19.821212768554688,33.0821647644043
2022-03-22,32.300113677978516,20.094938278198242,32.83881759643555
2022-03-23,31.2874813079834,19.783458709716797,33.40373611450195
2022-03-24,31.904767990112305,20.094938278198242,33.48629379272461
2022-03-25,31.994935989379883,19.858972549438477,34.220680236816406
2022-03-28,32.75094223022461,19.94391632080078,33.373313903808594
2022-03-29,33.76356887817383,20.23651695251465,33.28640365600586
2022-03-30,32.993690490722656,20.18932342529297,33.673152923583984
2022-03-31,32.36253356933594,20.31202507019043,33.21687698364258
2022-04-01,32.785621643066406,20.425291061401367,33.48629379272461
2022-04-04,33.02836990356445,20.84058952331543,33.52975845336914
2022-04-05,32.69545364379883,20.783960342407227,33.00395202636719
2022-04-06,32.41108703613281,20.538555145263672,33.199493408203125
2022-04-07,33.18789291381836,20.293148040771484,33.6340446472168
2022-04-08,33.40290832519531,20.038305282592773,34.559627532958984
2022-04-11,32.674644470214844,19.830656051635742,33.521053314208984
2022-04-12,32.86885070800781,19.6041259765625,34.0772819519043
2022-04-13,32.757877349853516,19.849533081054688,34.5857048034668
2022-04-14,33.09773254394531,19.61356544494629,34.69868469238281
2022-04-18,32.74400329589844,19.471982955932617,35.20711135864258
2022-04-19,32.889652252197266,19.877849578857422,34.92030715942383
2022-04-20,34.73458480834961,19.52861785888672,35.055015563964844
2022-04-21,34.769264221191406,18.57530975341797,33.942569732666016
2022-04-22,35.11605453491211,18.263835906982422,33.11258316040039
2022-04-25,33.33354568481445,18.263835906982422,32.017513275146484
2022-04-26,32.75094223022461,17.763586044311523,32.06098556518555
2022-04-27,32.2862434387207,17.980674743652344,32.53029251098633
2022-04-28,32.702392578125,18.056182861328125,33.5167121887207
2022-04-29,32.87578582763672,17.782461166381836,32.65631866455078
2022-05-02,32.48044204711914,17.81077766418457,33.17776107788086
2022-05-03,34.06180953979492,18.093936920166016,34.10770797729492
2022-05-04,34.256011962890625,18.849031448364258,35.52432632446289
2022-05-05,34.151973724365234,18.112815856933594,34.98983383178711
2022-05-06,34.887168884277344,17.52761459350586,36.03274917602539
2022-05-09,33.43064880371094,16.479921340942383,33.05174255371094
2022-05-10,33.93695831298828,16.47048568725586,33.351585388183594
2022-05-11,33.90229034423828,15.989114761352539,33.79917526245117
2022-05-12,33.27806091308594,15.875849723815918,33.942569732666016
2022-05-13,33.541622161865234,16.64982032775879,35.10280990600586
2022-05-16,34.19358825683594,16.517681121826172,36.02840805053711
2022-05-17,34.505699157714844,17.216140747070312,36.4455680847168
2022-05-18,32.94514083862305,17.1406307220459,35.511287689208984
2022-05-19,32.785621643066406,17.801340103149414,35.38093185424805
2022-05-20,32.13365173339844,17.89572525024414,35.533016204833984
2022-05-23,32.092037200927734,18.112815856933594,36.471641540527344
2022-05-24,32.84803771972656,17.848529815673828,36.61069869995117
2022-05-25,33.000633239746094,18.103376388549805,37.366817474365234
2022-05-26,34.096492767333984,18.556434631347656,37.779640197753906
2022-05-27,33.9647102355957,19.009489059448242,38.47056198120117
2022-05-31,34.103424072265625,18.764081954956055,37.89262008666992
2022-06-01,34.56813049316406,18.546993255615234,38.50968551635742
2022-06-02,34.831687927246094,19.302087783813477,38.387996673583984
2022-06-03,34.84556198120117,19.15106964111328,38.89642333984375
2022-06-06,33.590171813964844,19.52861785888672,38.85297775268555
2022-06-07,33.22951126098633,19.69851303100586,40.013214111328125
2022-06-08,33.291934967041016,19.453105926513672,40.10012435913086
2022-06-09,33.0491828918457,18.920928955078125,39.213645935058594
2022-06-10,33.25031661987305,18.57880973815918,38.54878616333008
2022-06-13,32.36946487426758,17.514448165893555,36.536827087402344
2022-06-14,32.64690017700195,17.31488037109375,36.60634994506836
2022-06-15,33.395973205566406,17.733022689819336,35.798099517822266
2022-06-16,32.737064361572266,17.077301025390625,33.78179168701172
2022-06-17,32.307044982910156,17.695011138916016,31.934959411621094
2022-06-21,33.06998825073242,18.132156372070312,33.58938217163086
2022-06-22,32.15446090698242,18.018117904663086,32.2447509765625
2022-06-23,32.41108703613281,18.36023712158203,31.049522399902344
2022-06-24,32.46657180786133,18.445764541625977,31.45818519592285
2022-06-27,32.57754135131836,18.70235252380371,32.38096618652344
2022-06-28,33.382102966308594,18.198680877685547,33.25541305541992
2022-06-29,33.47920227050781,17.799545288085938,32.0997428894043
2022-06-30,34.14503860473633,18.10365104675293,31.42303466796875
2022-07-01,33.54855728149414,18.36023712158203,31.893217086791992
2022-07-05,32.20301055908203,18.094146728515625,30.627674102783203
2022-07-06,32.272369384765625,18.018117904663086,30.10477066040039
2022-07-07,32.5151252746582,18.75937271118164,31.190143585205078
2022-07-08,32.18913650512695,18.996952056884766,31.176956176757812
2022-07-11,32.071231842041016,18.48377799987793,30.878150939941406
2022-07-12,32.23768997192383,18.151165008544922,30.27614402770996
2022-07-13,31.655080795288086,18.255701065063477,30.227806091308594
2022-07-14,31.481685638427734,18.179672241210938,29.65656089782715
2022-07-15,31.752180099487305,17.87557029724121,30.13991928100586
2022-07-18,31.585723876953125,18.236696243286133,30.829818725585938
2022-07-19,31.835411071777344,18.56930923461914,31.778961181640625
2022-07-20,30.302597045898438,18.673843383789062,32.0865592956543
2022-07-21,30.371952056884766,18.635831832885742,31.52410125732422
2022-07-22,29.622880935668945,18.531295776367188,31.264835357666016
2022-07-25,29.78240966796875,18.768875122070312,32.41173553466797
2022-07-26,29.484169006347656,18.47427749633789,32.11731719970703
2022-07-27,29.886449813842773,19.348573684692383,32.84235763549805
2022-07-28,30.399696350097656,20.707534790039062,33.02692794799805
2022-07-29,30.54534912109375,21.182697296142578,34.45943832397461
2022-08-01,31.218120574951172,20.916606903076172,33.7475700378418
2022-08-02,31.564910888671875,21.182697296142578,33.66848373413086
2022-08-03,32.26543045043945,20.73604393005371,32.70174789428711
2022-08-04,32.473506927490234,21.135177612304688,31.48894500732422
2022-08-05,32.57060623168945,21.296733856201172,32.11292266845703
2022-08-08,32.535926818847656,21.391767501831055,32.279903411865234
2022-08-09,33.194828033447266,21.46779441833496,32.84675979614258
2022-08-10,33.825992584228516,22.43712043762207,33.084049224853516
2022-08-11,34.19358825683594,22.12351417541504,34.22215270996094
2022-08-12,34.429405212402344,22.380102157592773,34.48141098022461
2022-08-15,34.40166091918945,22.351593017578125,33.809085845947266
2022-08-16,34.755393981933594,22.06649398803711,33.72999954223633
2022-08-17,35.7888298034668,21.98096466064453,34.01122283935547
2022-08-18,35.76108169555664,22.02848243713379,34.92522048950195
2022-08-19,35.823509216308594,21.420276641845703,34.91642761230469
2022-08-22,34.16584014892578,21.087663650512695,34.85051727294922
2022-08-23,33.60404586791992,21.125675201416016,36.10726547241211
2022-08-24,32.910465240478516,21.5438175201416,36.551082611083984
2022-08-25,32.50124740600586,21.99047088623047,36.83231735229492
2022-08-26,32.80642318725586,21.486799240112305,36.40167999267578
2022-08-29,31.786863327026367,21.249217987060547,36.95095443725586
2022-08-30,30.44131088256836,21.040145874023438,35.698604583740234
2022-08-31,30.358081817626953,21.078161239624023,35.37343215942383
2022-09-01,30.177745819091797,20.707534790039062,34.50337219238281
2022-09-02,29.706117630004883,20.374919891357422,35.13614273071289
2022-09-06,27.562946319580078,20.593496322631836,34.810970306396484
2022-09-07,27.52826690673828,21.591333389282227,34.40670394897461
2022-09-08,26.772260665893555,21.733884811401367,34.55610656738281
2022-09-09,26.758392333984375,21.79090118408203,35.4173698425293
2022-09-12,28.506216049194336,21.94295310974121,36.067718505859375
2022-09-13,27.49358558654785,21.363252639770508,35.15811538696289
2022-09-14,28.187170028686523,21.695865631103516,36.15119934082031
2022-09-15,28.284269332885742,21.087663650512695,35.219635009765625
2022-09-16,28.464603424072266,21.011638641357422,34.46821975708008
2022-09-19,27.63924217224121,20.95461654663086,34.4886589050293
2022-09-20,27.562946319580078,20.32740592956543,34.248783111572266
2022-09-21,26.800006866455078,20.222869873046875,33.746826171875
2022-09-22,26.938724517822266,19.586153030395508,33.62688064575195
2022-09-23,25.31574058532715,19.025461196899414,31.30809783935547
2022-09-26,25.89834976196289,18.559803009033203,30.539609909057617
2022-09-27,25.551557540893555,18.6833438873291,30.881649017333984
2022-09-28,25.294933319091797,18.97794532775879,32.24982452392578
2022-09-29,25.565427780151367,18.151165008544922,32.24982452392578
2022-09-30,25.80124855041504,18.141660690307617,31.9921875
2022-10-03,26.120296478271484,18.70235252380371,33.80012893676758
2022-10-04,26.487895965576172,19.291553497314453,35.25270080566406
2022-10-05,26.252077102661133,18.52178955078125,35.9812126159668
2022-10-06,26.744522094726562,18.02762222290039,36.620880126953125
2022-10-07,26.66128921508789,17.514448165893555,36.33658218383789
2022-10-10,26.148038864135742,17.43842124938965,35.590309143066406
2022-10-11,26.08561897277832,17.25786018371582,35.30601119995117
2022-10-12,26.141103744506836,16.82071304321289,35.590309143066406
2022-10-13,26.94565773010254,17.010778427124023,37.04287338256836
2022-10-14,26.446279525756836,16.668663024902344,35.661376953125
2022-10-17,26.480958938598633,16.97276496887207,36.1055908203125
2022-10-18,26.598865509033203,17.409914016723633,36.420982360839844
2022-10-19,26.106422424316406,16.896738052368164,37.49597930908203
2022-10-20,25.995450973510742,16.754188537597656,37.53151321411133
2022-10-21,26.848556518554688,17.048791885375977,38.61539840698242
2022-10-24,27.708599090576172,16.91574478149414,38.797515869140625
2022-10-25,28.991724014282227,17.419416427612305,38.837493896484375
2022-10-26,29.00559425354004,17.87557029724121,39.366119384765625
2022-10-27,30.094518661499023,17.96109962463379,39.50825881958008
2022-10-28,30.46211814880371,17.932594299316406,39.645965576171875
2022-10-31,30.094518661499023,17.951597213745117,39.979122161865234
2022-11-01,29.269161224365234,17.980106353759766,40.3655891418457
2022-11-02,28.85994529724121,17.704511642456055,39.39276885986328
2022-11-03,28.527027130126953,18.07513999938965,40.121273040771484
2022-11-04,29.02640724182129,18.20818519592285,40.60990524291992
2022-11-07,29.380128860473633,18.018117904663086,41.30731964111328
2022-11-08,29.054147720336914,18.45526885986328,41.34729766845703
2022-11-09,28.103940963745117,18.369739532470703,39.326133728027344
2022-11-10,28.589447021484375,19.6336669921875,40.201229095458984
2022-11-11,29.52578353881836,19.434099197387695,41.369503021240234
2022-11-14,29.2275447845459,19.263044357299805,41.35618591308594
2022-11-15,29.67837142944336,19.614662170410156,41.7915153503418
2022-11-16,28.97785186767578,19.40559196472168,40.93863296508789
2022-11-17,28.61025619506836,19.500621795654297,41.0274658203125
2022-11-18,28.44379425048828,19.47211265563965,40.70318603515625
2022-11-21,28.721229553222656,19.329565048217773,40.152366638183594
2022-11-22,28.714292526245117,19.576650619506836,41.40949249267578
2022-11-23,29.269161224365234,19.785720825195312,40.960838317871094
2022-11-25,30.011293411254883,19.766712188720703,40.80979919433594
2022-11-28,29.39400291442871,19.40559196472168,39.690391540527344
2022-11-29,30.129196166992188,19.301055908203125,40.29007339477539
2022-11-30,31.4053897857666,20.108829498291016,40.48997116088867
2022-12-01,31.807666778564453,19.91876220703125,40.3567008972168
2022-12-02,32.57060623168945,20.21336555480957,40.11682891845703
2022-12-05,32.26543045043945,19.956777572631836,38.92633819580078
2022-12-06,32.45269775390625,19.538633346557617,37.90020751953125
2022-12-07,32.5151252746582,19.462608337402344,37.81136703491211
2022-12-08,32.702392578125,19.614662170410156,37.64256286621094
2022-12-09,32.50818634033203,19.557641983032227,36.727500915527344
2022-12-12,33.11160659790039,19.738204956054688,37.691429138183594
2022-12-13,33.1254768371582,19.97238540649414,38.40660858154297
2022-12-14,32.522056579589844,20.20086097717285,38.17118453979492
2022-12-15,32.244625091552734,19.781993865966797,37.940189361572266
2022-12-16,31.856220245361328,19.42976188659668,37.47376251220703
2022-12-19,31.849281311035156,19.2203311920166,37.469276428222656
2022-12-20,32.459632873535156,19.191770553588867,38.03475570678711
2022-12-21,32.15446090698242,19.46784210205078,38.75729751586914
2022-12-22,32.5151252746582,19.134653091430664,37.86421585083008
2022-12-23,32.59141540527344,19.029935836791992,39.07144546508789
2022-12-27,32.41801834106445,18.810985565185547,39.48882293701172
2022-12-28,31.687482833862305,18.620588302612305,38.60471725463867
2022-12-29,31.459453582763672,18.915700912475586,39.00861740112305
2022-12-30,30.800708770751953,18.89665985107422,39.25545120239258
2023-01-03,30.750036239624023,18.687225341796875,37.87767791748047
2023-01-04,29.272075653076172,18.83954429626465,37.87318801879883
2023-01-05,29.516996383666992,18.44923210144043,38.56432342529297
2023-01-06,29.491655349731445,18.925214767456055,39.29584503173828
2023-01-09,30.403772354125977,19.087053298950195,39.156715393066406
2023-01-10,30.378433227539062,19.372648239135742,39.43497085571289
2023-01-11,29.98149299621582,19.934309005737305,39.55613708496094
2023-01-12,30.479780197143555,20.229421615600586,40.31010818481445
2023-01-13,30.361543655395508,20.20086097717285,40.36844253540039
2023-01-17,30.336206436157227,20.334138870239258,40.45371627807617
2023-01-18,31.31588363647461,20.096145629882812,39.71321105957031
2023-01-19,31.46790313720703,19.420246124267578,40.20688247680664
2023-01-20,31.636816024780273,19.610639572143555,40.60630416870117
2023-01-23,31.484792709350586,19.962867736816406,40.66016387939453
2023-01-24,30.927391052246094,19.810550689697266,40.503082275390625
2023-01-25,31.501684188842773,19.648717880249023,40.507572174072266
2023-01-26,32.751617431640625,19.639196395874023,41.7866096496582
2023-01-27,32.53203582763672,19.54400062561035,40.94289779663086
2023-01-30,32.52358627319336,19.191770553588867,40.00492858886719
2023-01-31,33.40191650390625,19.743915557861328,40.359466552734375
2023-02-01,34.39848327636719,19.943830490112305,39.56511688232422
2023-02-02,33.64684295654297,19.8200740814209,38.663055419921875
2023-02-03,33.67217254638672,19.30600929260254,38.57779312133789
2023-02-06,32.80229187011719,19.248889923095703,38.40275573730469
2023-02-07,32.5995979309082,19.239368438720703,39.65038299560547
2023-02-08,32.447574615478516,19.087053298950195,39.29584503173828
2023-02-09,32.72627639770508,18.763381958007812,38.95925521850586
2023-02-10,32.99653625488281,18.734825134277344,40.48513412475586
2023-02-13,32.886741638183594,18.915700912475586,40.38190841674805
2023-02-14,32.641822814941406,18.782421112060547,40.39537811279297
2023-02-15,33.25834655761719,19.182252883911133,39.7087287902832
2023-02-16,33.9677734375,18.668188095092773,39.31828689575195
2023-02-17,33.722843170166016,18.677709579467773,37.91807174682617
2023-02-21,34.56739807128906,18.382593154907227,37.72957229614258
2023-02-22,33.477928161621094,18.30643653869629,37.47825241088867
2023-02-23,33.697513580322266,18.363554000854492,38.043724060058594
2023-02-24,33.73973846435547,18.020845413208008,37.994361877441406
2023-02-27,34.55895233154297,18.325475692749023,38.106563568115234
2023-02-28,34.2464714050293,18.277877807617188,37.559043884277344
2023-03-01,34.00999450683594,18.5444278717041,38.29952621459961
2023-03-02,33.266788482666016,18.44923210144043,38.63612747192383
2023-03-03,33.233009338378906,18.83002471923828,39.16121292114258
2023-03-06,33.233009338378906,18.991857528686523,39.17915725708008
2023-03-07,33.61305618286133,18.791942596435547,38.49699783325195
2023-03-08,34.20423889160156,18.810985565185547,38.10206985473633
2023-03-09,34.618072509765625,18.525388717651367,37.56351852416992
2023-03-10,35.09946823120117,18.249319076538086,37.08332061767578
2023-03-13,33.95087814331055,18.344512939453125,36.3293571472168
2023-03-14,33.40191650390625,18.5444278717041,36.68838882446289
2023-03-15,32.135093688964844,18.106521606445312,34.71821212768555
2023-03-16,31.75504493713379,18.049402236938477,35.095184326171875
2023-03-17,31.839506149291992,17.440141677856445,34.54318618774414
2023-03-20,31.89017677307129,17.697174072265625,35.23472595214844
2023-03-21,32.77695083618164,18.09700584411621,36.454566955566406
2023-03-22,32.5995979309082,17.81140899658203,35.67913055419922
2023-03-23,33.545494079589844,17.94468879699707,35.18484878540039
2023-03-24,32.092872619628906,17.8685302734375,35.32089614868164
2023-03-27,32.27867126464844,17.887569427490234,36.073646545410156
2023-03-28,32.67560577392578,17.887569427490234,36.63142395019531
2023-03-29,32.86140823364258,18.239797592163086,37.13930892944336
2023-03-30,33.24989700317383,18.5444278717041,37.30256271362305
2023-03-31,33.48637390136719,18.83002471923828,37.561038970947266
2023-04-03,34.58428955078125,18.620588302612305,39.261558532714844
2023-04-04,34.254913330078125,18.525388717651367,38.54960250854492
2023-04-05,34.609622955322266,18.258838653564453,39.130043029785156
2023-04-06,34.491390228271484,18.296916961669922,38.5359992980957
2023-04-10,34.40693664550781,18.47779083251953,38.8443603515625
2023-04-11,34.651851654052734,18.534910202026367,39.21167755126953
2023-04-12,34.66029739379883,18.48731231689453,39.23888397216797
2023-04-13,34.46604919433594,18.83954429626465,39.48374938964844
2023-04-14,34.31403350830078,18.649145126342773,39.556312561035156
2023-04-17,33.97621154785156,18.953779220581055,39.0892333984375
2023-04-18,34.668739318847656,18.944255828857422,39.243412017822266
2023-04-19,34.46604919433594,18.83002471923828,39.10737228393555
2023-04-20,33.731292724609375,18.810985565185547,38.76274108886719
2023-04-21,33.43570327758789,18.849061965942383,38.5359992980957
2023-04-24,33.14855194091797,18.849061965942383,39.125518798828125
2023-04-25,32.456024169921875,18.47779083251953,38.39088821411133
2023-04-26,32.43069076538086,17.716215133666992,37.87846755981445
2023-04-27,32.751617431640625,18.030364990234375,38.01451110839844
2023-04-28,32.89519119262695,17.81140899658203,38.60401153564453
2023-05-01,32.396907806396484,17.630537033081055,38.1686897277832
2023-05-02,32.97964096069336,17.30686378479004,36.50898361206055
2023-05-03,32.26177978515625,17.287822723388672,35.819705963134766
2023-05-04,31.907068252563477,17.402063369750977,35.420654296875
2023-05-05,32.10976028442383,17.735252380371094,36.38201141357422
2023-05-08,32.118202209472656,17.687654495239258,36.38201141357422
2023-05-09,32.46446990966797,17.582937240600586,36.3956184387207
2023-05-10,33.004981994628906,17.687654495239258,35.98295211791992
2023-05-11,32.68405532836914,17.61149787902832,35.55215835571289
2023-05-12,32.65871047973633,18.15412139892578,35.606571197509766
2023-05-15,32.23644256591797,18.315956115722656,35.787967681884766
2023-05-16,32.489810943603516,17.93516731262207,34.90822982788086
2023-05-17,32.422245025634766,18.03988265991211,35.579368591308594
2023-05-18,32.717838287353516,17.8304500579834,35.83784103393555
2023-05-19,32.717838287353516,17.735252380371094,36.11445999145508
2023-05-22,32.22800064086914,17.925649642944336,35.96481704711914
2023-05-23,31.6452579498291,17.754291534423828,36.350276947021484
2023-05-24,31.43412208557129,17.67813491821289,36.50898361206055
2023-05-25,31.020288467407227,17.659095764160156,35.86051940917969
2023-05-26,30.969614028930664,17.61149787902832,35.71994400024414
2023-05-30,30.496671676635742,17.649578094482422,35.352638244628906
2023-05-31,30.488224029541016,17.459178924560547,34.73137664794922
2023-06-01,30.302425384521484,17.773330688476562,35.16217803955078
2023-06-02,30.07439613342285,17.8685302734375,36.23236083984375
2023-06-05,30.994956970214844,17.801891326904297,35.992027282714844
2023-06-06,30.589570999145508,17.81140899658203,36.282249450683594
2023-06-07,31.206092834472656,17.758699417114258,37.24361038208008
2023-06-08,31.40877914428711,17.80661964416504,37.084896087646484
2023-06-09,32.00841522216797,17.729949951171875,36.880828857421875
2023-06-12,32.72627639770508,17.92162322998047,36.527122497558594
2023-06-13,33.35124588012695,17.9407901763916,36.699440002441406
2023-06-14,34.212684631347656,17.797035217285156,36.323062896728516
2023-06-15,34.609622955322266,18.084550857543945,36.72211837768555
2023-06-16,34.20423889160156,17.9791259765625,36.66769790649414
2023-06-20,34.736305236816406,17.605361938476562,35.84700393676758
2023-06-21,34.16201400756836,17.509521484375,36.130638122558594
2023-06-22,34.06911087036133,17.32743263244629,35.64570999145508
2023-06-23,32.9712028503418,17.0399169921875,35.38953399658203
2023-06-26,32.5995979309082,17.0782527923584,36.02541732788086
2023-06-27,33.32590866088867,17.231592178344727,36.107757568359375
2023-06-28,33.160240173339844,17.279512405395508,36.473731994628906
2023-06-29,32.92231369018555,17.202844619750977,36.894596099853516
2023-06-30,33.415794372558594,17.634111404418945,37.132484436035156
2023-07-03,33.15142822265625,17.634111404418945,37.219398498535156
2023-07-05,32.49051284790039,17.356182098388672,37.013545989990234
2023-07-06,32.49932861328125,16.963247299194336,36.18095016479492
2023-07-07,32.640323638916016,17.164508819580078,36.958648681640625
2023-07-10,32.92231369018555,17.394515991210938,37.24684524536133
2023-07-11,33.116180419921875,17.46160316467285,38.06571578979492
2023-07-12,33.07211685180664,17.854536056518555,38.4179573059082
2023-07-13,33.60966491699219,18.103713989257812,38.27157211303711
2023-07-14,33.75065612792969,17.844955444335938,37.26057052612305
2023-07-17,33.9180908203125,18.247472763061523,37.187374114990234
2023-07-18,34.208892822265625,18.132465362548828,37.56250762939453
2023-07-19,34.43800735473633,18.18996810913086,37.782081604003906
2023-07-20,34.59662628173828,17.950374603271484,38.22582244873047
2023-07-21,34.852176666259766,17.959957122802734,38.56435012817383
2023-07-24,34.46444320678711,17.9407901763916,39.18650817871094
2023-07-25,34.70237350463867,17.950374603271484,39.392364501953125
2023-07-26,34.76405715942383,17.864120483398438,39.406089782714844
2023-07-27,34.905052185058594,17.442434310913086,39.154476165771484
2023-07-28,34.561378479003906,17.423267364501953,39.27341842651367
2023-07-31,34.244140625,17.519107818603516,40.01909255981445
2023-08-01,33.38054656982422,17.269927978515625,39.83152389526367
2023-08-02,32.72844314575195,16.560731887817383,39.310020446777344
2023-08-03,32.91349792480469,16.51280975341797,39.708011627197266
2023-08-04,33.036869049072266,16.388221740722656,39.762908935546875
2023-08-07,32.90468978881836,16.301969528198242,39.80864715576172
2023-08-08,33.265987396240234,16.282800674438477,40.00536346435547
2023-08-09,33.25717544555664,16.44572639465332,40.508575439453125
2023-08-10,33.30123519897461,16.23488426208496,40.504005432128906
2023-08-11,33.66253662109375,16.158212661743164,41.126155853271484
2023-08-14,33.6360969543457,16.148630142211914,40.95231628417969
2023-08-15,33.398170471191406,15.669441223144531,40.101436614990234
2023-08-16,33.777095794677734,15.496932983398438,39.753753662109375
2023-08-17,33.89165115356445,15.305258750915527,40.22952651977539
2023-08-18,33.803531646728516,15.295674324035645,40.62751007080078
2023-08-21,33.90927505493164,15.266924858093262,40.371337890625
2023-08-22,34.28820037841797,15.21900463104248,40.06025695800781
2023-08-23,34.2970085144043,15.468180656433105,39.95962142944336
2023-08-24,33.32767105102539,15.199837684631348,39.68514633178711
2023-08-25,33.37173080444336,15.372346878051758,40.06941604614258
2023-08-28,33.28361129760742,15.42026424407959,40.339317321777344
2023-08-29,33.45985412597656,15.851532936096191,40.44911193847656
2023-08-30,33.78590393066406,15.50651741027832,40.650390625
2023-08-31,33.6360969543457,15.410679817199707,40.6778450012207
2023-09-01,33.38054656982422,15.401095390319824,41.510433197021484
2023-09-05,32.88706588745117,15.16150188446045,41.730010986328125
2023-09-06,32.79894256591797,14.902741432189941,41.74831008911133
2023-09-07,32.70200729370117,14.797318458557129,41.70713806152344
2023-09-08,32.36714172363281,14.806902885437012,42.10971450805664
2023-09-11,32.48170471191406,14.883572578430176,41.55617141723633
2023-09-12,32.22614669799805,14.979411125183105,42.53515625
2023-09-13,32.92231369018555,14.845237731933594,42.214927673339844
2023-09-14,32.59626388549805,15.209420204162598,42.708988189697266
2023-09-15,32.314266204833984,14.998577117919922,42.09141540527344
2023-09-18,31.979408264160156,14.787735939025879,42.448097229003906
2023-09-19,32.08515548706055,14.845237731933594,42.05177688598633
2023-09-20,32.40239334106445,14.873990058898926,41.66006088256836
2023-09-21,32.64913558959961,14.58647632598877,41.088623046875
2023-09-22,32.9839973449707,14.461888313293457,41.157745361328125
2023-09-25,32.631507873535156,14.356466293334961,41.673892974853516
2023-09-26,32.07634353637695,14.068953514099121,41.43425750732422
2023-09-27,31.72385597229004,13.982699394226074,42.46653747558594
2023-09-28,32.06753158569336,14.011451721191406,42.51261901855469
2023-09-29,31.83841323852539,14.011451721191406,41.655452728271484
2023-10-02,31.609294891357422,13.474761009216309,40.82593536376953
2023-10-03,31.48592758178711,13.100994110107422,40.79829025268555
2023-10-04,32.00584411621094,13.177664756774902,39.51714324951172
2023-10-05,31.794355392456055,13.043492317199707,39.27290344238281
2023-10-06,32.00584411621094,13.244750022888184,39.507930755615234
2023-10-09,32.23496627807617,13.244750022888184,40.82593536376953
2023-10-10,33.06330490112305,13.752690315246582,40.87663269042969
2023-10-11,32.825374603271484,13.886860847473145,40.35126876831055
2023-10-12,32.9928092956543,13.541847229003906,40.39735794067383
2023-10-13,32.9928092956543,13.417259216308594,41.28677749633789
2023-10-16,32.6579475402832,13.61851692199707,41.56328582763672
2023-10-17,32.4288330078125,13.704771995544434,41.9964714050293
2023-10-18,31.99703598022461,13.35975456237793,42.37897872924805
2023-10-19,32.252586364746094,13.13932991027832,42.30524444580078
2023-10-20,32.287837982177734,12.746395111083984,41.595542907714844
2023-10-23,32.0146598815918,12.68889331817627,40.92271423339844
2023-10-24,32.00584411621094,12.928485870361328,40.3466682434082
2023-10-25,31.891284942626953,12.66014289855957,40.272926330566406
2023-10-26,31.84722328186035,12.755979537963867,39.95956039428711
2023-10-27,31.72385597229004,12.353461265563965,39.00100326538086
2023-10-30,31.82960319519043,12.32470989227295,39.130043029785156
2023-10-31,31.891284942626953,12.468466758728027,39.25907897949219
2023-11-01,31.66217041015625,12.334293365478516,39.166908264160156
2023-11-02,32.058719635009766,12.765563011169434,40.35126876831055
2023-11-03,31.917722702026367,13.100994110107422,39.94573211669922
2023-11-06,31.61810874938965,12.918902397155762,39.494102478027344
2023-11-07,31.45067596435547,12.842232704162598,38.61850357055664
2023-11-08,31.48592758178711,12.650557518005371,38.13462448120117
2023-11-09,31.873661041259766,12.525968551635742,38.019412994384766
2023-11-10,32.19971466064453,12.468466758728027,38.43878173828125
2023-11-13,31.811975479125977,12.468466758728027,38.71529006958008
2023-11-14,32.58744812011719,13.407674789428711,39.0609245300293
2023-11-15,32.860626220703125,13.474761009216309,38.987178802490234
2023-11-16,32.384769439697266,13.321420669555664,38.22678756713867
2023-11-17,32.32308578491211,13.407674789428711,39.02865219116211
2023-11-20,32.35833740234375,13.656852722167969,39.08395767211914
2023-11-21,32.102779388427734,13.388507843017578,38.99639892578125
2023-11-22,32.06753158569336,13.340587615966797,38.977970123291016
2023-11-24,32.51695251464844,13.302253723144531,39.139259338378906
2023-11-27,31.6886043548584,13.196833610534668,39.00100326538086
2023-11-28,31.609294891357422,13.369338989257812,39.010223388671875
2023-11-29,31.05413055419922,13.51309585571289,38.71989440917969
2023-11-30,30.85144805908203,13.61851692199707,38.977970123291016
2023-12-01,31.027690887451172,13.982699394226074,39.18073654174805
2023-12-04,30.507774353027344,13.934782028198242,39.00100326538086
2023-12-05,29.96141815185547,13.791025161743164,38.31896209716797
2023-12-06,29.89973258972168,13.61851692199707,37.747520446777344
2023-12-07,30.146474838256836,13.656852722167969,37.48944854736328
2023-12-08,29.829235076904297,13.50351333618164,37.89498519897461
2023-12-11,29.547245025634766,13.541847229003906,37.941070556640625
2023-12-12,29.846860885620117,13.311837196350098,37.42031478881836
2023-12-13,30.30509376525879,13.886860847473145,37.941070556640625
2023-12-14,30.04953956604004,14.557724952697754,39.05630874633789
2023-12-15,29.811614990234375,14.66314697265625,38.84892654418945
2023-12-18,30.39508056640625,14.461888313293457,39.16624069213867
2023-12-19,30.59564781188965,14.854822158813477,39.63616180419922
2023-12-20,31.31586456298828,14.384360313415527,39.26859664916992
2023-12-21,32.32781982421875,14.848058700561523,39.422142028808594
2023-12-22,32.601322174072266,14.86738109588623,39.538455963134766
2023-12-26,32.67425537109375,15.0702486038208,39.87810516357422
2023-12-27,33.14832305908203,15.108891487121582,39.70130157470703
2023-12-28,33.130088806152344,15.195834159851074,39.0964469909668
2023-12-29,33.266841888427734,15.041267395019531,39.008052825927734
2024-01-02,32.00873565673828,14.86738109588623,39.426788330078125
2024-01-03,32.48280715942383,14.529265403747559,40.06886291503906
2024-01-04,32.20930480957031,14.345717430114746,39.36631393432617
2024-01-05,32.428104400634766,14.297415733337402,39.39888000488281
2024-01-08,31.24293327331543,14.394020080566406,38.94291305541992
2024-01-09,31.224699020385742,14.345717430114746,38.319454193115234
2024-01-10,30.814449310302734,14.345717430114746,37.94258499145508
2024-01-11,30.10334587097168,14.152508735656738,38.0402946472168
2024-01-12,29.483409881591797,14.046244621276855,38.46833801269531
2024-01-16,29.24637794494629,13.55356216430664,37.551761627197266
2024-01-17,28.81789207458496,13.244430541992188,37.24003219604492
2024-01-18,28.73583984375,13.302392959594727,37.179542541503906
2024-01-19,28.95464324951172,13.292732238769531,37.300514221191406
2024-01-22,28.517040252685547,13.427978515625,37.44009780883789
2024-01-23,28.672025680541992,13.592205047607422,37.519195556640625
2024-01-24,29.428709030151367,13.466618537902832,38.054256439208984
2024-01-25,28.808774948120117,13.524582862854004,38.910343170166016
2024-01-26,28.69937515258789,13.39899730682373,39.19880676269531
2024-01-29,28.26177215576172,13.592205047607422,39.142974853515625
2024-01-30,28.85435676574707,13.389335632324219,39.54776382446289
2024-01-31,28.89994239807129,13.341035842895508,38.807987213134766
2024-02-01,28.681140899658203,13.766093254089355,38.80333709716797
2024-02-02,28.918174743652344,13.505261421203613,38.859161376953125
2024-02-05,28.58085823059082,13.205788612365723,38.76145935058594
2024-02-06,28.681140899658203,13.437638282775879,38.8870849609375
2024-02-07,28.389406204223633,13.775753021240234,38.96617889404297
2024-02-08,27.997386932373047,13.698471069335938,39.36631393432617
2024-02-09,27.559785842895508,13.901338577270508,38.76145935058594
2024-02-12,27.04013442993164,14.142849922180176,39.18950271606445
2024-02-13,26.8031005859375,13.640507698059082,38.794029235839844
2024-02-14,26.7757511138916,14.017263412475586,38.756805419921875
2024-02-15,27.27716827392578,14.229792594909668,39.83622741699219
2024-02-16,26.939849853515625,14.017263412475586,39.81296157836914
2024-02-20,26.21963119506836,13.824055671691895,39.450050354003906
2024-02-21,26.374616622924805,13.669488906860352,40.18982696533203
2024-02-22,26.028179168701172,13.36035442352295,40.259613037109375
2024-02-23,26.055530548095703,13.215449333190918,39.994415283203125
2024-02-26,26.21963119506836,13.225109100341797,40.134002685546875
2024-02-27,26.693700790405273,13.36035442352295,39.96184158325195
2024-02-28,27.076602935791016,13.215449333190918,39.88275146484375
2024-02-29,26.885149002075195,13.437638282775879,40.07817077636719
2024-03-01,26.903383255004883,13.650168418884277,40.54343032836914
2024-03-04,27.031017303466797,13.437638282775879,40.11073303222656
2024-03-05,27.82417106628418,13.39899730682373,40.40850830078125
2024-03-06,27.47773551940918,13.601865768432617,40.53413009643555
2024-03-07,27.751237869262695,13.785414695739746,40.87842559814453
2024-03-08,27.38656997680664,13.853036880493164,41.02265167236328
2024-03-11,26.711933135986328,13.833715438842773,41.446048736572266
2024-03-12,26.903383255004883,13.466618537902832,41.38092041015625
2024-03-13,26.00994873046875,13.234770774841309,42.04159927368164
2024-03-14,26.912500381469727,13.05122184753418,42.47429275512695
2024-03-15,27.313634872436523,12.964278221130371,42.59991455078125
2024-03-18,27.723888397216797,13.031901359558105,42.7471923828125
2024-03-19,27.77858543395996,12.964278221130371,43.234981536865234
2024-03-20,27.76947021484375,13.2540922164917,43.17401123046875
2024-03-21,27.56890296936035,13.273409843444824,43.431968688964844
2024-03-22,28.05208969116211,13.225109100341797,43.338165283203125
2024-03-25,28.72672462463379,13.109183311462402,43.74152755737305
2024-03-26,28.097671508789062,13.012580871582031,43.40382766723633
2024-03-27,28.12502098083496,13.514921188354492,43.80719757080078
2024-03-28,28.042972564697266,13.505261421203613,44.280914306640625
2024-04-01,28.079439163208008,13.495601654052734,44.609230041503906
2024-04-02,27.21335220336914,13.273409843444824,45.23303985595703
2024-04-03,26.885149002075195,13.36035442352295,45.542598724365234
2024-04-04,26.94896697998047,13.350693702697754,45.51445388793945
2024-04-05,27.578020095825195,13.205788612365723,46.00224304199219
2024-04-08,28.207073211669922,13.302392959594727,45.711448669433594
2024-04-09,28.5352725982666,13.717789649963379,45.72551727294922
2024-04-10,28.05208969116211,13.341035842895508,45.86623001098633
2024-04-11,29.6292781829834,13.408658027648926,45.83339309692383
2024-04-12,30.230979919433594,13.070542335510254,45.08763885498047
2024-04-15,29.711328506469727,12.780729293823242,44.6655158996582
2024-04-16,30.69593048095703,12.616503715515137,44.27622604370117
2024-04-17,29.911897659301758,12.722766876220703,44.14958572387695
2024-04-18,30.121580123901367,12.655144691467285,44.01356506347656
2024-04-19,29.446943283081055,12.577861785888672,44.5435676574707
2024-04-22,28.918174743652344,12.684126853942871,44.83435821533203
2024-04-23,28.991107940673828,12.809710502624512,45.08294677734375
2024-04-24,29.100507736206055,12.69378662109375,45.115787506103516
2024-04-25,29.565462112426758,12.635823249816895,45.3221549987793
2024-04-26,29.364891052246094,12.780729293823242,44.90471649169922
2024-04-29,28.8817081451416,12.973938941955566,45.20958709716797
2024-04-30,29.6292781829834,12.780729293823242,43.86347961425781
2024-05-01,29.474294662475586,12.80005168914795,43.16462707519531
2024-05-02,30.860031127929688,13.060883522033691,43.4132080078125
2024-05-03,30.723281860351562,13.37967586517334,43.417903900146484
2024-05-06,31.224699020385742,13.437638282775879,43.76029586791992
2024-05-07,30.48624610900879,13.485940933227539,43.718074798583984
2024-05-08,30.759750366210938,13.37967586517334,43.666481018066406
2024-05-09,31.297636032104492,13.476280212402344,44.252769470214844
2024-05-10,30.650346755981445,13.370016098022461,44.008880615234375
2024-05-13,30.167163848876953,13.408658027648926,43.89161682128906
2024-05-14,30.331262588500977,13.63084602355957,43.947898864746094
2024-05-15,30.285680770874023,13.80473518371582,44.04640197753906
2024-05-16,30.96031379699707,13.766093254089355,43.9244499206543
2024-05-17,30.83268165588379,13.67914867401123,44.538875579833984
2024-05-20,31.844636917114258,13.669488906860352,44.248077392578125
2024-05-21,32.227535247802734,13.785414695739746,44.032318115234375
2024-05-22,32.44633865356445,14.287755012512207,43.18808364868164
2024-05-23,32.400753021240234,14.075224876403809,42.794090270996094
2024-05-24,32.537506103515625,14.413341522216797,42.855072021484375
2024-05-28,32.227535247802734,14.567906379699707,43.29595184326172
2024-05-29,31.963153839111328,14.326395988464355,42.531436920166016
2024-05-30,32.09990310668945,14.529265403747559,42.65338134765625
2024-05-31,31.762584686279297,14.46164321899414,43.7133903503418
2024-06-03,31.817285537719727,14.567906379699707,42.568965911865234
2024-06-04,30.83268165588379,14.432660102844238,42.160911560058594
2024-06-05,30.440664291381836,14.54858684539795,42.15621566772461
2024-06-06,30.814449310302734,14.403679847717285,42.37665557861328
2024-06-07,30.440664291381836,14.03658390045166,42.20780563354492
2024-06-10,30.331262588500977,14.278094291687012,42.5267448425293
2024-06-11,30.075998306274414,14.322822570800781,42.442325592041016
2024-06-12,30.30391502380371,14.458953857421875,41.987361907958984
2024-06-13,30.340377807617188,14.264481544494629,41.60276412963867
2024-06-14,29.592809677124023,13.943603515625,41.293209075927734
2024-06-17,29.528993606567383,13.729684829711914,41.40107727050781
2024-06-18,29.6292781829834,13.74913215637207,41.574623107910156
2024-06-20,29.620162963867188,13.564384460449219,42.33913803100586
2024-06-21,29.219026565551758,13.525489807128906,42.095245361328125
2024-06-24,29.26460838317871,13.661620140075684,43.15666580200195
2024-06-25,29.519878387451172,13.408806800842285,43.25595474243164
2024-06-26,29.38312530517578,13.331018447875977,42.8304328918457
2024-06-27,29.392244338989258,13.389359474182129,42.929725646972656
2024-06-28,29.66574478149414,12.951798439025879,43.0952033996582
2024-07-01,29.90277862548828,12.942076683044434,43.118839263916016
2024-07-02,30.55918312072754,12.893458366394043,43.08574676513672
2024-07-03,30.650346755981445,13.214334487915039,43.274864196777344
2024-07-05,30.495365142822266,13.233782768249512,42.59876251220703
2024-07-08,30.139814376831055,13.321293830871582,42.33872985839844
2024-07-09,29.875429153442383,13.321293830871582,41.96522521972656
2024-07-10,29.40135955810547,13.476872444152832,42.2489013671875
2024-07-11,29.465177536010742,13.846366882324219,42.6885986328125
2024-07-12,29.720441818237305,14.01166820526123,42.797340393066406
2024-07-15,29.118741989135742,13.467148780822754,43.445064544677734
2024-07-16,29.0549259185791,13.700514793395996,43.638916015625
2024-07-17,28.79054069519043,13.41853141784668,44.073890686035156
2024-07-18,28.681140899658203,13.369913101196289,44.15426254272461
2024-07-19,28.635557174682617,13.29212474822998,43.67201232910156
2024-07-22,28.31647300720215,13.447700500488281,43.397789001464844
2024-07-23,28.517040252685547,13.350464820861816,42.7075080871582
2024-07-24,29.301076889038086,13.535213470458984,42.712242126464844
2024-07-25,28.84524154663086,13.544938087463379,43.44980239868164
2024-07-26,28.972877502441406,13.71996021270752,43.586910247802734
2024-07-29,29.073158264160156,13.603279113769531,43.21339797973633
2024-07-30,28.799657821655273,13.544938087463379,43.884769439697266
2024-07-31,29.273727416992188,13.758854866027832,44.06915283203125
2024-08-01,30.057764053344727,13.593554496765137,42.9013557434082
2024-08-02,29.820728302001953,13.554659843444824,41.79501724243164
2024-08-05,29.392244338989258,13.107376098632812,40.873069763183594
2024-08-06,29.766029357910156,13.175440788269043,41.123653411865234
2024-08-07,29.95747947692871,13.301847457885742,41.289127349853516
2024-08-08,29.948362350463867,13.525489807128906,42.177982330322266
2024-08-09,29.66574478149414,13.467148780822754,42.27253723144531
2024-08-12,30.30391502380371,13.437976837158203,42.480567932128906
2024-08-13,30.11246109008789,13.768579483032227,42.069236755371094
2024-08-14,30.203632354736328,13.671343803405762,42.315093994140625
2024-08-15,30.24921417236328,13.797748565673828,42.820980072021484
2024-08-16,30.331262588500977,13.778302192687988,42.773704528808594
2024-08-19,30.650346755981445,13.972773551940918,43.06210708618164
2024-08-20,30.723281860351562,13.817197799682617,41.92740249633789
2024-08-21,30.258329391479492,13.875539779663086,41.99831771850586
2024-08-22,30.167163848876953,13.661620140075684,42.107059478759766
2024-08-23,30.331262588500977,14.050562858581543,42.735877990722656
2024-08-26,30.057764053344727,14.01166820526123,43.118839263916016
2024-08-27,30.69593048095703,13.953327178955078,42.71696853637695
2024-08-28,30.27656364440918,13.875539779663086,42.442745208740234
2024-08-29,30.294795989990234,13.788026809692383,42.99591827392578
2024-08-30,30.203632354736328,13.89498519897461,43.15666580200195
2024-09-03,29.69309425354004,13.525489807128906,42.08342361450195
2024-09-04,29.291961669921875,13.700514793395996,41.50188446044922
2024-09-05,29.155208587646484,13.788026809692383,41.18038558959961
2024-09-06,29.1096248626709,13.50604248046875,40.6650390625
2024-09-09,29.155208587646484,13.486595153808594,40.95817565917969
2024-09-10,28.681140899658203,13.496318817138672,40.25370407104492
2024-09-11,28.9090576171875,13.972773551940918,39.88019943237305
2024-09-12,28.717607498168945,13.875539779663086,40.239524841308594
2024-09-13,28.927291870117188,14.050562858581543,40.466461181640625
2024-09-16,28.480573654174805,14.147799491882324,40.929805755615234
2024-09-17,28.69937515258789,14.25475788116455,41.48297119140625
2024-09-18,28.58085823059082,14.20613956451416,41.5633544921875
2024-09-19,28.544389724731445,14.128351211547852,42.059783935546875
2024-09-20,28.7084903717041,13.972773551940918,41.96522521972656
2024-09-23,28.589975357055664,14.079732894897461,42.483394622802734
2024-09-24,28.544389724731445,14.20613956451416,42.37852096557617
2024-09-25,28.772306442260742,14.050562858581543,41.549072265625
2024-09-26,29.000225067138672,14.283927917480469,40.73391342163086
2024-09-27,29.082275390625,14.361717224121094,41.56336975097656
2024-09-30,28.863473892211914,14.283927917480469,41.85415267944336
2024-10-01,28.270889282226562,14.099181175231934,42.80755615234375
2024-10-02,28.106788635253906,13.972773551940918,43.24611282348633
2024-10-03,28.024738311767578,13.817197799682617,44.00883483886719
2024-10-04,27.997386932373047,13.768579483032227,44.41879653930664
2024-10-07,28.14325523376465,13.758854866027832,44.57610321044922
2024-10-08,27.70565414428711,13.57410717010498,43.41295623779297
2024-10-09,28.216190338134766,13.535213470458984,43.67514419555664
2024-10-10,28.827009201049805,13.204612731933594,43.97069549560547
2024-10-11,28.890825271606445,13.331018447875977,44.24241256713867
2024-10-14,29.237258911132812,13.272676467895508,44.22334671020508
2024-10-15,29.20079231262207,13.010140419006348,42.79801559448242
2024-10-16,28.672025680541992,13.175440788269043,43.002994537353516
2024-10-17,28.5352725982666,13.039310455322266,43.207977294921875
2024-10-18,28.7084903717041,13.0684814453125,43.06496810913086
2024-10-21,28.398521423339844,12.98097038269043,42.93626403808594
2024-10-22,28.23442268371582,12.951798439025879,43.0363655090332
2024-10-23,28.890825271606445,12.728157043457031,42.812313079833984
2024-10-24,29.34665870666504,12.75732707977295,42.80755615234375
2024-10-25,29.337543487548828,12.796222686767578,42.79324722290039
2024-10-28,29.20079231262207,12.922627449035645,42.52153396606445
2024-10-29,29.364891052246094,12.698986053466797,41.87321472167969
2024-10-30,29.19167709350586,12.747604370117188,41.96855926513672
2024-10-31,28.836124420166016,12.73788070678711,42.23073959350586
2024-11-01,28.772306442260742,12.786498069763184,41.96379852294922
2024-11-04,29.2554931640625,13.078205108642578,42.697906494140625
2024-11-05,28.981992721557617,13.126823425292969,42.98392868041992
2024-11-06,28.945526123046875,12.164190292358398,44.599937438964844
2024-11-07,29.683979034423828,12.3197660446167,44.394954681396484
2024-11-08,29.92101287841797,12.0377836227417,44.690513610839844
2024-11-11,29.802494049072266,11.989165306091309,44.94316482543945
2024-11-12,29.219026565551758,11.678010940551758,44.704811096191406
2024-11-13,28.717607498168945,11.639117240905762,45.05280303955078
2024-11-14,28.754074096679688,11.872482299804688,45.22441864013672
2024-11-15,28.270889282226562,11.755800247192383,45.157676696777344
2024-11-18,28.981992721557617,11.804417610168457,45.7583122253418
2024-11-19,28.635557174682617,11.726629257202148,45.467529296875
2024-11-20,28.49880599975586,11.746075630187988,45.9251594543457
2024-11-21,28.945526123046875,11.687735557556152,46.296993255615234
2024-11-22,28.49880599975586,11.784969329833984,46.36848449707031
2024-11-25,28.890825271606445,11.998889923095703,45.45323181152344
2024-11-26,28.52615737915039,11.911376953125,45.39125442504883
2024-11-27,28.462339401245117,12.008611679077148,45.343589782714844
2024-11-29,28.562623977661133,12.047507286071777,45.539031982421875
2024-12-02,28.462339401245117,12.08640193939209,45.05757141113281
2024-12-03,28.270889282226562,11.998889923095703,45.05280303955078
2024-12-04,27.851520538330078,11.804417610168457,43.9659309387207
2024-12-05,27.58713722229004,11.814141273498535,44.137542724609375
2024-12-06,28.15237045288086,11.765523910522461,43.38912582397461
2024-12-09,27.641836166381836,11.998889923095703,43.31761932373047
2024-12-10,28.115903854370117,11.843311309814453,43.022064208984375
2024-12-11,28.12502098083496,11.843311309814453,43.093570709228516
2024-12-12,27.304519653320312,11.648839950561523,42.74557876586914
2024-12-13,27.076602935791016,11.648839950561523,42.531063079833984
2024-12-16,26.821332931518555,11.483540534973145,41.596736907958984
2024-12-17,26.76443099975586,11.546378135681152,41.28688430786133
2024-12-18,26.4700984954834,11.183098793029785,40.06653594970703
2024-12-19,27.26479148864746,11.14382553100586,39.718544006347656
2024-12-20,27.20592498779297,11.310736656188965,40.109432220458984
2024-12-23,27.64742088317871,11.389284133911133,40.34497833251953
2024-12-24,27.696475982666016,11.428557395935059,40.686275482177734
2024-12-26,27.568933486938477,11.389284133911133,40.652626037597656
2024-12-27,28.206647872924805,11.320554733276367,40.64781951904297
2024-12-30,28.373435974121094,11.222372055053711,40.643009185791016
2024-12-31,28.75606346130371,11.173280715942383,41.17658996582031
2025-01-02,29.011150360107422,11.389284133911133,41.65728759765625
2025-01-03,29.4232120513916,11.438374519348145,42.04664993286133
2025-01-06,29.040584564208984,11.50710391998291,41.8543701171875
2025-01-07,28.6579532623291,11.605286598205566,42.272579193115234
2025-01-08,28.00061798095703,11.320554733276367,42.31584167480469
2025-01-10,28.118349075317383,11.016186714172363,42.488887786865234
2025-01-13,28.883607864379883,10.967095375061035,43.38298797607422
2025-01-14,28.628520965576172,11.035822868347168,43.849266052246094
2025-01-15,28.775686264038086,11.163461685180664,44.498207092285156
2025-01-16,28.687387466430664,11.192915916442871,44.82027816772461
2025-01-17,29.050395965576172,11.232189178466797,45.166378021240234
2025-01-21,29.11907196044922,11.124188423156738,44.93564987182617
2025-01-22,29.001338958740234,10.839455604553223,44.11845779418945
2025-01-23,29.482078552246094,10.98673152923584,44.320350646972656
2025-01-24,29.894140243530273,10.967095375061035,43.89253234863281
2025-01-27,29.011150360107422,10.937640190124512,43.43586349487305
2025-01-28,29.482078552246094,10.868910789489746,43.022464752197266
2025-01-29,30.25714874267578,11.006367683410645,43.11860656738281
2025-01-30,30.10017204284668,11.20273494720459,43.33972930908203
2025-01-31,30.404314041137695,11.163461685180664,42.12836456298828
2025-02-03,29.560565948486328,11.035822868347168,42.39274978637695
2025-02-04,29.639053344726562,11.163461685180664,43.282047271728516
2025-02-05,29.707733154296875,11.212553024291992,43.37337875366211
2025-02-06,29.81565284729004,11.222372055053711,42.57541275024414
2025-02-07,29.78622055053711,11.04564094543457,42.57061004638672
2025-02-10,29.962820053100586,11.02600383758545,43.50797653198242
2025-02-11,29.962820053100586,10.91800308227539,43.85887908935547
2025-02-12,29.6881103515625,10.89836597442627,42.80134582519531
2025-02-13,29.187747955322266,11.016186714172363,43.1234130859375
2025-02-14,29.894140243530273,11.124188423156738,43.29646301269531
2025-02-18,28.550033569335938,11.14382553100586,43.88772201538086
2025-02-19,27.843639373779297,11.183098793029785,44.23382568359375
2025-02-20,27.725908279418945,11.310736656188965,44.637611389160156
2025-02-21,28.069293975830078,11.153643608093262,43.709861755371094
2025-02-24,28.118349075317383,11.192915916442871,43.71947479248047
2025-02-25,27.67685317993164,11.300918579101562,43.08976364135742
2025-02-26,27.598363876342773,11.340192794799805,42.844608306884766
2025-02-27,27.922128677368164,10.996549606323242,43.075340270996094
2025-02-28,27.362899780273438,10.908184051513672,43.74351501464844
2025-03-03,27.67685317993164,10.741272926330566,42.21489334106445
2025-03-04,27.058759689331055,10.92782211303711,41.806297302246094
2025-03-05,27.372711181640625,11.084914207458496,41.1958122253418
2025-03-06,27.13724708557129,11.065278053283691,41.32080078125
2025-03-07,27.500255584716797,11.310736656188965,42.02742004394531
2025-03-10,27.51987648010254,11.242008209228516,42.339874267578125
2025-03-11,27.323657989501953,11.369647026062012,42.00339126586914
2025-03-12,27.55912208557129,11.281281471252441,42.19566345214844
2025-03-13,27.58855438232422,11.281281471252441,41.907249450683594
2025-03-14,27.755342483520508,11.369647026062012,43.1474494934082
2025-03-17,27.765151977539062,11.644559860229492,43.8348503112793
2025-03-18,28.432300567626953,11.57583236694336,43.906944274902344
2025-03-19,29.11907196044922,11.634742736816406,44.623191833496094
2025-03-20,28.834552764892578,11.57583236694336,44.78662872314453
2025-03-21,28.363624572753906,11.50710391998291,44.47417068481445
2025-03-24,28.491168975830078,11.369647026062012,44.98091125488281
2025-03-25,28.206647872924805,11.467830657958984,45.165000915527344
2025-03-26,28.118349075317383,11.320554733276367,45.43144226074219
2025-03-27,27.67685317993164,11.320554733276367,44.9906005859375
2025-03-28,27.882884979248047,11.320554733276367,44.77743911743164
2025-03-31,27.686664581298828,11.212553024291992,45.27157211303711
2025-04-01,28.049671173095703,11.281281471252441,45.53801727294922
2025-04-02,27.686664581298828,11.340192794799805,45.60100173950195
2025-04-03,27.23535919189453,11.47764778137207,42.020931243896484
2025-04-04,26.18558120727539,10.888547897338867,38.15504837036133
2025-04-07,25.655784606933594,10.55472469329834,37.907981872558594
2025-04-08,25.940305709838867,10.368176460266113,37.03113555908203
2025-04-09,25.381078720092773,10.888547897338867,39.8990592956543
2025-04-10,25.3614559173584,10.711817741394043,37.29273223876953
2025-04-11,26.479909896850586,11.084914207458496,38.21802520751953
2025-04-14,26.931217193603516,11.183098793029785,38.35367202758789
2025-04-15,26.81348419189453,11.163461685180664,38.29553985595703
2025-04-16,27.225547790527344,11.11436939239502,38.61043167114258
2025-04-17,27.16668128967285,11.310736656188965,39.4824333190918
2025-04-21,27.088193893432617,11.261645317077637,38.4505615234375
2025-04-22,26.744808197021484,11.497284889221191,39.42914581298828
2025-04-23,27.07838249206543,11.281281471252441,39.356475830078125
2025-04-24,27.16668128967285,11.526741027832031,39.98625946044922
2025-04-25,27.26479148864746,11.634742736816406,39.91358947753906
2025-04-28,26.98027229309082,11.713289260864258,40.19457244873047
2025-04-29,26.705562591552734,11.703470230102539,40.07830810546875
2025-04-30,27.10781478881836,11.556196212768555,38.99798583984375
2025-05-01,27.304035186767578,11.526741027832031,39.14332580566406
2025-05-02,28.010427474975586,11.624923706054688,39.714969635009766
2025-05-05,27.67685317993164,11.546378135681152,38.99798583984375
2025-05-06,28.27532386779785,11.654378890991211,39.00767135620117
2025-05-07,28.6579532623291,11.605286598205566,39.02220916748047
2025-05-08,28.648143768310547,11.742744445800781,39.53572463989258
2025-05-09,28.550033569335938,11.958748817443848,39.93296813964844
2025-05-12,29.089637756347656,12.125659942626953,40.97453308105469
2025-05-13,29.040584564208984,12.57730484008789,41.5510139465332
2025-05-14,28.775686264038086,12.695123672485352,41.299110412597656
2025-05-15,29.030773162841797,12.763853073120117,41.4735107421875
2025-05-16,28.3145694732666,12.724578857421875,41.4105339050293
2025-05-19,28.402868270874023,12.596940994262695,40.872798919677734
2025-05-20,29.30548095703125,12.754034042358398,40.49492645263672
2025-05-21,29.10926055908203,12.54784870147705,39.74888229370117
2025-05-22,28.82474136352539,12.233661651611328,39.5938606262207
2025-05-23,28.79530906677246,12.322026252746582,39.719810485839844
2025-05-27,28.579465866088867,12.380936622619629,40.06376647949219
2025-05-28,28.628520965576172,12.3318452835083,39.55510330200195
2025-05-29,28.38324546813965,12.380936622619629,39.850616455078125
2025-05-30,28.206647872924805,12.439846992492676,39.49696731567383
2025-06-02,28.599088668823242,12.361300468444824,40.015323638916016
2025-06-03,28.942474365234375,12.567485809326172,40.49008560180664
2025-06-04,28.79530906677246,12.57730484008789,39.70043182373047
2025-06-05,29.10926055908203,12.6165771484375,39.661678314208984
2025-06-06,29.06020736694336,12.714759826660156,40.4077262878418
2025-06-09,29.226993560791016,12.724578857421875,40.48523712158203
2025-06-10,29.14850425720215,12.891490936279297,41.20706558227539
2025-06-11,29.570377349853516,12.999492645263672,41.80293655395508
2025-06-12,30.031496047973633,13.00931167602539,41.94826889038086
2025-06-13,30.188472747802734,13.058403015136719,42.67978286743164
2025-06-16,29.933385848999023,13.207244873046875,42.5538215637207
2025-06-17,29.85489845275879,12.631721496582031,42.95107650756836
2025-06-18,30.051116943359375,12.601953506469727,42.67009353637695
2025-06-20,29.825464248657227,12.53249454498291,43.10609817504883
2025-06-23,29.91376304626465,12.601953506469727,42.016014099121094
2025-06-24,30.12960433959961,12.859946250915527,41.46902084350586
2025-06-25,29.658676147460938,12.800409317016602,41.2883186340332
2025-06-26,29.43302345275879,13.008788108825684,41.87926483154297
2025-06-27,29.599811553955078,12.91948413848877,41.65949249267578
2025-06-30,29.128883361816406,13.008788108825684,41.4201774597168
2025-07-01,29.5311336517334,13.117939949035645,41.737632751464844
2025-07-02,29.80584144592285,13.326318740844727,42.45556640625
2025-07-03,29.90395164489746,13.723230361938477,42.50440216064453
2025-07-07,29.295669555664062,13.475159645080566,42.094154357910156
2025-07-08,29.197559356689453,13.366009712219238,43.22721862792969
2025-07-09,29.295669555664062,13.49500560760498,43.00743865966797
2025-07-10,29.325101852416992,13.445391654968262,43.33466339111328
2025-07-11,29.33491325378418,13.266780853271484,43.53001403808594
2025-07-14,29.364347457885742,13.286626815795898,43.051395416259766
2025-07-15,29.43302345275879,13.395777702331543,42.43114471435547
2025-07-16,29.717544555664062,13.356086730957031,42.064849853515625
2025-07-17,29.52132225036621,13.336240768432617,42.323699951171875
2025-07-18,29.43302345275879,13.475159645080566,41.98183059692383
2025-07-21,29.325101852416992,13.63392448425293,41.54716110229492
2025-07-22,29.33491325378418,13.872071266174316,41.74251937866211
2025-07-23,29.511512756347656,13.832380294799805,42.39695739746094
2025-07-24,29.825464248657227,13.812535285949707,42.69976043701172
2025-07-25,29.9530086517334,13.862149238586426,42.53858947753906
2025-07-28,29.580188751220703,13.693461418151855,43.0220947265625
2025-07-29,30.080551147460938,13.624001502990723,43.442108154296875
2025-07-30,29.81565284729004,13.445391654968262,42.82185363769531
2025-07-31,29.619434356689453,13.306472778320312,42.59231185913086
2025-08-01,29.52132225036621,13.425545692443848,41.801124572753906
2025-08-04,29.43302345275879,13.46523666381836,41.70833206176758
2025-08-05,29.639053344726562,13.485082626342773,41.762054443359375
2025-08-06,29.62924575805664,13.49500560760498,41.376224517822266
2025-08-07,29.94319725036621,13.604156494140625,41.21506118774414
2025-08-08,30.276771545410156,13.584310531616211,41.47878646850586
2025-08-11,29.992250442504883,13.425545692443848,41.14668655395508
2025-08-12,29.87451934814453,13.66369342803955,41.346923828125
2025-08-13,29.992250442504883,13.693461418151855,41.82554244995117
2025-08-14,29.717544555664062,13.554542541503906,41.78647232055664
2025-08-15,29.658676147460938,13.991146087646484,41.78647232055664
2025-08-18,29.933385848999023,14.378134727478027,41.53739547729492
2025-08-19,29.81565284729004,14.219369888305664,41.55204772949219
2025-08-20,29.884328842163086,14.27890682220459,41.898799896240234
2025-08-21,30.208093643188477,14.070528030395508,42.186946868896484
2025-08-22,30.335636138916016,14.556745529174805,43.046512603759766
2025-08-25,30.139415740966797,14.27890682220459,43.158843994140625
2025-08-26,30.31601333618164,14.27890682220459,43.09046936035156
2025-08-27,30.247337341308594,14.229292869567871,43.573970794677734
2025-08-28,30.21790313720703,14.407903671264648,43.90607833862305
2025-08-29,30.590723037719727,14.27890682220459,44.145389556884766
2025-09-02,30.83599853515625,14.050682067871094,44.20887756347656
2025-09-03,31.110706329345703,14.090373039245605,43.21744918823242
2025-09-04,31.159761428833008,14.219369888305664,43.50559997558594
2025-09-05,31.41484832763672,14.566668510437012,42.66557312011719
2025-09-08,31.640501022338867,14.45751667022705,42.56789779663086
2025-09-09,31.581632614135742,14.27890682220459,42.77301788330078
2025-09-10,32.12124252319336,14.44759464263916,43.52024841308594
2025-09-11,31.88577651977539,14.576590538024902,43.53001403808594
2025-09-12,32.062374114990234,14.517053604125977,43.27117156982422
2025-09-15,32.71971130371094,14.695664405822754,43.124656677246094
2025-09-16,32.70989990234375,14.775047302246094,43.847469329833984
2025-09-17,32.307647705078125,14.943734169006348,43.95003128051758
2025-09-18,32.494056701660156,14.923888206481934,43.81328201293945
2025-09-19,32.4351921081543,15.052885055541992,43.23210144042969
2025-09-22,32.150672912597656,15.24141788482666,43.182350158691406
2025-09-23,32.31745910644531,15.07273006439209,43.926109313964844
2025-09-24,32.062374114990234,15.023117065429688,44.497474670410156
2025-09-25,31.718990325927734,15.042962074279785,44.896446228027344
2025-09-26,31.895586013793945,15.092576026916504,45.3101921081543
2025-09-29,32.18010711669922,15.291031837463379,44.47777557373047
2025-09-30,31.787668228149414,15.360491752624512,44.00491714477539
2025-10-01,32.05256271362305,15.757403373718262,44.00491714477539
2025-10-02,32.445003509521484,15.767326354980469,43.561622619628906
2025-10-03,33.10234069824219,15.8566312789917,43.79312515258789
2025-10-06,33.16120529174805,15.955859184265137,44.00984573364258
2025-10-07,32.768768310546875,15.767326354980469,44.078800201416016
2025-10-08,32.9846076965332,15.88640022277832,43.82267761230469
2025-10-09,32.90612030029297,16.015396118164062,43.226680755615234
2025-10-10,32.94536590576172,15.658175468444824,41.975589752197266
2025-10-13,32.611793518066406,16.243621826171875,42.54695129394531
2025-10-14,32.36651611328125,16.293235778808594,42.542030334472656
2025-10-15,32.79819869995117,16.739761352539062,42.51740264892578
2025-10-16,33.27893829345703,16.66037940979004,42.00514221191406
2025-10-17,33.23969650268555,16.402385711669922,42.349937438964844
2025-10-20,33.32799530029297,16.471845626831055,42.798160552978516
2025-10-21,33.0630989074707,16.213851928710938,42.699649810791016
2025-10-22,32.876686096191406,15.995552062988281,43.24638366699219
2025-10-23,32.788387298583984,16.213851928710938,43.82267761230469
2025-10-24,32.8570671081543,16.571073532104492,43.37937545776367
2025-10-27,32.788387298583984,16.62068748474121,43.482810974121094
2025-10-28,32.97480010986328,16.759605407714844,43.0296630859375
2025-10-29,33.02385330200195,17.18628692626953,43.349822998046875
2025-10-30,33.08272171020508,16.89852523803711,43.093692779541016
2025-10-31,32.915931701660156,17.166440963745117,43.40892791748047
2025-11-03,33.4064826965332,17.46412467956543,43.41385269165039
2025-11-04,33.52421188354492,17.037445068359375,42.945926666259766
2025-11-05,33.33780288696289,17.96026611328125,43.0592155456543
2025-11-06,33.0630989074707,17.6328125,43.477882385253906
2025-11-07,33.00423049926758,17.52366065979004,44.103431701660156
2025-11-10,33.04347610473633,17.870960235595703,44.502403259277344
2025-11-11,33.1710205078125,17.62289047241211,45.0836181640625
2025-11-12,33.48497009277344,17.52366065979004,44.453147888183594
2025-11-13,33.0630989074707,16.739761352539062,44.566436767578125
2025-11-14,33.13177490234375,16.88860321044922,45.32497024536133
2025-11-17,32.81782150268555,16.670299530029297,44.497474670410156
2025-11-18,33.23969650268555,16.471845626831055,44.852115631103516
2025-11-19,33.014041900634766,16.432153701782227,44.27090072631836
2025-11-20,33.190643310546875,15.955859184265137,43.76849365234375
2025-11-21,33.13177490234375,15.94593620300293,44.0443229675293
2025-11-24,33.269126892089844,16.16423988342285,43.92118453979492
2025-11-25,33.700809478759766,16.303157806396484,43.645355224609375
2025-11-26,33.514404296875,16.670299530029297,43.975364685058594
2025-11-28,33.57326889038086,16.85883331298828,44.551658630371094
2025-12-01,33.79892349243164,16.422229766845703,44.98017883300781
2025-12-02,33.56345748901367,16.590917587280273,44.398963928222656
2025-12-03,33.5438346862793,16.51153564453125,45.23138427734375
2025-12-04,33.90684509277344,16.838987350463867,45.42348098754883
2025-12-05,33.38685989379883,16.739761352539062,45.23630905151367
2025-12-08,33.72043228149414,16.571073532104492,44.743751525878906
2025-12-09,33.88722229003906,16.551227569580078,45.01958465576172
2025-12-10,34.04419708251953,16.610763549804688,45.49243927001953
2025-12-11,34.40916442871094,16.908449172973633,45.27571487426758
2025-12-12,34.46607208251953,16.471845626831055,44.83241271972656
2025-12-15,34.92718505859375,16.45199966430664,44.51717758178711
2025-12-16,34.829078674316406,16.290000915527344,43.15772247314453
2025-12-17,34.58380126953125,16.0,44.11328125
2025-12-18,34.68191146850586,16.18000030517578,43.47296142578125
2025-12-19,34.9370002746582,16.440000534057617,43.47296142578125
2025-12-22,35.279998779296875,16.649999618530273,43.92301940917969
2025-12-23,35.5,16.540000915527344,44.21113586425781
2025-12-24,35.5,16.579999923706055,44.08198165893555
2025-12-26,35.150001525878906,16.6200008392334,43.9130859375
2025-12-29,34.970001220703125,16.520000457763672,44.33035659790039
2025-12-30,35.34000015258789,16.450000762939453,44.66815185546875
